SHA256,App package name
55D8F08234FF400986F479626B63B335577E5C01A3D3282B06E39A1A184864DA,com.waze
5BD56A95758CEED5F8854B3BAF3C22FD8814BA66B34F98A7113B4D0C0E050F3E,com.video.fun.app
88D1244305CF73D604C54AB2407604FBEEAC62E60F43DD55F7291510DBA599D0,com.ludashi.dualspace
7B055DF9EEFA57B554024479A69A594542184998F03D9FAC6DCE608C16A41F42,com.cloneapp.parallelspace.dualspace
6943FC49058F28569F3F80FA46A050C74DECC34625745560B28E3826EDD7DBD2,com.amazon.mShop.android.shopping
B6A5BB2F7E3AEB0A2DA7BC174806430D553EC755B65376E4F6F88BAEF8B58F5B,com.google.android.gm
F7A6F26BCA175BF0B122794938BE61C447239A8A9E287CD264937800F5002F89,com.sec.android.easyMover
D353FB8A2771068C39C7D2707A1FD1D9211333278E8AC643589D42F9BFAEE591,parallel.space.multi.accounts
D134D7887BB5268B23643FD453068E6F8083E917888CF1C34ED690C9BFB532B4,ru.zdevs.zarchiver
15E31E13CB70280238DA71A24B551CF4272893D74F00F0F021B6C6D7F80517BF,com.cloner.android
A250E878AE253A6FCF86661B63D59113062F97A5ACCF23DD9B78867DE9D5F80D,com.dual.space.parallel.app.clone.multiple
5E98A39F81E349DCC30CF723F38A46273CCB62B1C4DFE9A689B9A8A74255AE69,com.trendmicro.tmas
5B2F55009CF92E1F976A8C7C07E56AA7842D8A5FAB8548750F589777365E8619,org.videolan.vlc
088E2FE9D83A5FDAC2323AAA4BB6CC976BA1D518B8F6304D2C865E5905CEA187,com.google.android.apps.youtube.mango
A0EC146FB28A71682D92212C3919354BA970565C711D9C3B4603988305F9E088,com.dualapp.dualspace.cloneapp
168CD4193871F1BDC348EEA5AE0BB1DF6950B31F4BAB16C9A44A0166008DF9DA,com.mtech.mydual
9BA9B4CD3FD92291FC76C5789BA675182F7AAA4612BB48C8054E3AFE5C1ACBAA,do.multiple.cloner
DDB31582AE97513DF99BCF2475C2C546D512A3A26F253301A9FBEA3799A796A0,com.dualspace.dualaccount.multispace.space
122100EE29081C0FB054A76E879CBBBA584B395A1BF810D57AC57CEC319BF0C5,com.netflix.mediaclient
4366717E5D341EA5D9B2210C93B5486CE4E37BB9F07B44344DB29A0E5218C080,com.facebook.lite
0B4AEB1863F01E0896DCCDF067080C00A3C746EF2B14C2DCC2F6C94624658FC7,com.facebook.mlite
F12F07805892E02DA0CC79F771B8FE393485210B9B73A9A26E1FD88E16E78C0F,com.in.parallel.accounts
8EB729D79C8A5CCF928EB1993377C20AA0796071F975246CB1DA6B2515B4D46A,com.dl.multiple.parallel.cloner.multiaccounts.space
E23E184EC3F47286818124EF4230B5C59D2FF935F16F297CC8CD0573C06E0DD3,com.google.android.apps.restore
E861037070E3D37E41D2FD1ABE80B8080BEAEC7CA83A160789C7ACBAD1FF4448,com.twitter.android
B7398ADB6DA7CCB2239CA29C52F5993294BA313F32F6FB27F9177CB57A60637C,com.alightcreative.motion
53442D7B6217BA6DF1C94F1D1CDDACA41E5C2554565158CF2F680405AAB74A48,com.facebook.orca
B1EB8936CBE6EE8B78F279B91BDC016B760856490C0EB3BE413344802A670636,com.instagram.android
71FE35C168D0E1B403739F51C7F84E8FEE0DA9AA67A034B3EAAD0C8566450CE9,com.microsoft.amp.apps.bingnews
445907A21413FCF993457D8858FEBC72B5F07702914A1B11B0E9609D472B518B,com.whatsapp
A5A09FB3EFA0D2BB6807EE4771972FA7987ECDFDD2DABC623B5C91DD42A90CCE,com.google.android.GoogleCamera
E43E0E1F270EF3CB5C684D9127A94E8A209802F27BC2E8EA998E9FF56DFFDF0F,com.google.android.dialer
B97636691924EF5FA6FD8B12CD9F1308CD43072B1AA4064147430F2516AD5225,com.google.android.youtube
D39F38E7B83FAF6C7CFFCAF4F6985F351D53C96FD755162B9504F2D20F13DAE9,com.alphainventor.filemanager
9C736C0D47346805B3CB240614388E6C7C51D89F9A03C082DE432B8264F65439,com.excelliance.multiaccounts
376D1ACEB27DC5F84CF34B7092884388D04E035522641F09C8EE2E81E49B788E,com.excelliance.multiaccount
2A97A997D8D0752C1DB476AC10CCED373304EA361A2357FFD31EBA0598C935B2,com.lulu.luluboxpro
92C5D8A8924DBA9510380B894FE047F320A52A04441C91B904CF7F2A3B728471,com.pspace.vandroid
9C5FE9C557A3819B9CD0B04A723E5DA235CBB2CE08BD9A9D41496561970D9037,com.nams.and.wkabd
B1C578E6717E31AE821CC574D93ADA3E9806FEF8B03330F67CD3FCB5A9223A01,com.google.earth
68AE31A2F42CD09D0564329B0166D3BED8A0BA5B09533942B690BC601B973167,com.hbo.hbonow
FCA6339A7F89DE5ABA489488AED1D8F0BFB66F8358B18B2B5CB6AB5EC25F98A6,com.google.android.apps.maps
6614F788AD2255489D8815C16BC5376EF62A69DADF617203D5738A2515F935C7,taptap.twoaccounts.dual.space
E958F81629CFD6CF207FE071794EF90B0C91385A72500232A923196AF3202A53,org.mozilla.firefox
78B1B36230FB88B9D6F57F62D7902D8C8F6428BCDCFDFB359A7013C804CB4164,com.whatsapp.w4b
1A60E9A6A2AF1526BB919C8066FBCE7B7042741B2604DFE13D8D27E8DE5E20A6,com.google.android.projection.gearhead
0DAC6F3D97F20ED3F4FB64B26EF6926E3196DFCC6DA0A7E93441846B2589A9FF,com.jumobile.multiapp
31B4B0A363F0BF810C6B2DF26EDB24F089B27D3E0FFF6CEAC0D2ABFDEC5621D0,com.zhiliaoapp.musically
F9F06D054480666BFB30906712051C15CE172E4BC552E73E25DC01056A3C8B81,multipleaccounts.parallelspace.cloneapp.appclonerstudio
4152DC4142FE909104E3DD244DBAE0D5D6328DAAC906A96E8192A4D680A3FE8D,com.parallel.spaces.multi.accounts.app
9E29AE6E1BCB91C5908AEAB7B06057EC1CE7D4945795AD76C565D361B84D3593,com.magic.cloneapp
8AC399B9384D90A0B411345EE9AFB60ED2C317C7D775F6498A6121106BE9C466,com.microsoft.skydrive
C8AF17568121C4EAAC675779309432C4FC58AF9B3B6437D22EC001335711D606,com.microsoft.teams
ABCA2F2FA2B1D8AD045FA912A6E38746F0CA7A7E01F6E9AEF6DEEAF5C7C12713,com.dualspace.multispace.android.addon.arm32
952387AEB63B8FA014D55284ABC9E0319F3AA501A1C14F0B73983036074A3088,com.thinkmobile.accountmaster
5722B5C2A4D7BE32E3358961CDCE293DD6497016C8CEAD3A5EB9100342D50FCC,phoenix.parallelspace.cloneapp.clonewhatsapp
DB378644D57093197B64E5AF5271AACE2C2607E97EF583D1C505BEC64F1C170C,dualspace.parallelspace.multispace.appcloner
1961F8A5E4DD00F867FD1A7008EEDD868DC76EAB3E31D03A87A971B48FCCE284,com.dualspace.multispace.android
41AAC530E7E36E79C8D96A4C14344EA1034D44162860EB1E26047AC742E51437,mochat.multiple.parallel.whatsclone
41281BF1FFBE42D086EB4D114C00DBC76A878FB574EFF077699C849609CC2469,co.keeptop.multi.space
90C22806D87A36E6681685173F458699923B7CA21C2F02905F520995AA4F5E36,com.snaptube.premium
560D35C6282443D1D6E5CE40C6C39CC9B0088B1351DC01F16C898F0769241A93,com.apkpure.aegon
0424024629915B4A853A700D51CD805ADFCC34625A62457BC5AFCE69C8C1047E,com.jrzheng.supervpnfree
0D7A2394470CE19341C40B32F74D012178C687C372F2B38A012D4D594E310D02,com.facebook.katana
B0F969EE2FACA783AAE3E750ACE0925DA8BA234EC5F9C724C5568A5DC045711A,com.excean.parallelspace
B4C1D35D427E0C412A9AE774DB3BD144936F2F04E1EAEBC972223C24B3644074,com.heyy.messenger.launch
CD5732477B5BB2468CBCEC4B8E148A6FBB8DE422A2520D48C3E74136AD81ADCE,com.snapchat.android
3299A3A0429108DB0C6283A0DE1B4867BEDF8A0B7616545983E36082546B7AD1,parallel.space.pro
1E5301CF1559C39A6B841C72E8061880CAEBE67375DE5DE9AC9CA85BE120C997,com.app.hider.master.dual.app
E247FE7043FC76020F4BB536F6865614272B8F598B86046AFE76DBBC6F701099,multi.parallel.dualspace.cloner
68F74DC233746C24C293E5B2843AB9141FA3EAFFB860189447E2250B4F92C36A,com.ludashi.dualspaceprox
DFBC1ACFF5835712ADC2AF1840CD4746A975D9E055769923DEBD05D277BDBF70,com.google.android.apps.photos
9B3BCA50B9F24DA6FF58562E29C2AB113912306B7386D2F82019F6D09D333E47,com.jumobile.smartapp
74A69016C185CF129B44CEF26D204B97B5F3AD8A56C7B7632EFDFFB7156541CA,com.microsoft.office.word
6A12035CC64D85881FB51A77AF83C465BE47CA8BF6BB78BD481290AEAE89DF40,io.multiple.clone
803AEFE416B7400CB6C6C7B33F6E1A30D05DD9FCAA6A6CD59E451BCED7CD91C3,com.anddoes.launcher
765687EA4888B57C293D333EFB9E615DC86075A34866F198744D886D7213E2EC,tv.twitch.android.app
59E34E81253027528AAD1A4E88A01DE956311FCE44E92B4B6D26B372B4577C48,com.microsoft.office.officehubrow
4C29EED664C6B1E8F87C652D7D5F354DF3D14D8BCCC32F9DCC910728D91F8AB6,facebeauty.videocall.app
92D2D7499E66F24D966BEA0C39F7F6DC882FE5F7ADD42E5438C7C972664E8828,com.soundcloud.android
9B80ABBB441765BCFF47243A9935C54544108422FC5390B6D9AACB2736E3CF5A,com.amazon.avod.thirdpartyclient
1C3F5F3BACA9E065FBC995F097FB4BECBB4AEEF98FD202ED909385B2AA84C17D,com.polestar.super.clone
145C39FA162D1BF15F735E8389093FFD40F33EC6D0C884EEB01A256F5089254A,com.ludashi.dualspace
6BC00B632B3FB0955687CE6CAE5F3DC34FB34803B62A07C1870DE08FCC2EBCA8,com.dualspace.multispace.android
49C36310BB1EE0D5F3464C2EFE1E871F5CAA0BB7C0C6B922DD2E29EBD05580A1,com.space.water.clone.multiple.clone.app.accounts
60A004F7E8FF67A56D62B4D3296E702E3E27D56119299423B6187B6E55549F10,com.matey.robot
DF8FCFE6ABA7A9757CB0456E7A689B39D49FB551B218B373649A6A02DCCAD68D,com.mxtech.videoplayer.ad
7F3CA4A73AC458A59F8BB5632CA077E968194109099E8F4AFF2DD747E0B69415,com.skype.raider
C185FBB0FBF9E6DF9F77C719C8344CBED1265ED06C2FB732452C3E7800A2DE7A,com.pengyou.cloneapp
695719DD5051BCABD3EE21948B90A40CDA6C1CA43B3CDE626D418F326128E57D,com.google.android.apps.translate
5B98415BEE4B24A5D68F120300938677A6258B79971B95E4A84813A07254C873,org.telegram.messenger
787192B91F07638DE344290F752CE7FFFE483FEF1EA74A220621F3F1C0571F6A,com.multispace.multipleapps.dualaccounts
AEE816F8938F408EF10E38EDB96FA05F80DD1DB1F2A74C5C50CFB51C92B82422,com.ninetyplus.dualapp
B884E5C52DD6C4CDBDA35A5F7E6ADC5A6BC115DAB4BFCCAAC5F4D86A0B194D5F,com.parallel.spaces.multi.accounts.app.arm32
12436A977DC29D4B99A17469530E3AF7EB94491B1FC1A197B0AF60E040BF27EC,io.multiple.clone
BBDD93C66A85ED5B0CFC6CC277910849C42CF406D4EA96010901DD250DACF3BE,com.truecaller
C2D720EA8A3324081AB54B165ACBC81D08255C7140AC1B3BE4D343343746D395,com.android.vending
11C20978FF1B8975563F196F868767253D30CB54A8C7D0D236DEE942BC238E9C,com.ludashi.superboost
595D63F5B0B537FE13153DEC3755EBDA37AB50E4B86B0BB30F897F0A8908F995,com.lemon.lvoverseas
88B8745C20B2F15F2F2380D26901FBECC0705778843A0F3BC00F936D2EF998D7,com.dualspace.cloneapp.parallelspace.privacy
